Units,Dollars,Comic-book Title,Issue,Price,Publisher,Est. units
1,1,Avengers,1,$3.99,Marvel,"175,100"
2,5,X-Men,1,$3.99,Marvel,"144,700"
4,9,Siege,1,$3.99,Marvel,"137,700"
6,8,New Avengers,1,$3.99,Marvel,"132,500"
9,16,Siege,2,$3.99,Marvel,"120,200"
11,11,Siege,3,$3.99,Marvel,"117,900"
12,12,Siege,4,$3.99,Marvel,"115,300"
13,13,Secret Avengers,1,$3.99,Marvel,"115,100"
17,19,Wolverine,1,$3.99,Marvel,"107,700"
21,20,Avengers,2,$3.99,Marvel,"103,000"
26,24,Uncanny X-Force,1,$3.99,Marvel,"100,100"
36,28,Avengers,3,$3.99,Marvel,"90,500"
39,29,Avengers,4,$3.99,Marvel,"90,100"
41,35,Avengers,7,$3.99,Marvel,"90,000"
44,30,Captain America Reborn,6,$3.99,Marvel,"88,900"
51,34,New Avengers,2,$3.99,Marvel,"85,800"
56,37,Avengers,5,$3.99,Marvel,"83,500"
59,18,New Avengers Finale,1,$4.99,Marvel,"82,700"
60,38,New Avengers,3,$3.99,Marvel,"82,400"
61,127,Uncanny X-Men,523,$2.99,Marvel,"82,300"
63,128,Uncanny X-Men,524,$2.99,Marvel,"82,100"
65,41,Secret Avengers,2,$3.99,Marvel,"81,100"
66,42,New Avengers,61,$3.99,Marvel,"80,500"
73,72,Amazing Spider-Man,648,$3.99,Marvel,"78,500"
75,45,Dark Avengers,14,$3.99,Marvel,"78,300"
77,46,New Avengers,62,$3.99,Marvel,"78,100"
78,47,X-Men Second Coming,1,$3.99,Marvel,"78,000"
79,83,Invincible Iron Man,25,$3.99,Marvel,"77,900"
80,48,New Avengers,4,$3.99,Marvel,"77,600"
82,81,Amazing Spider-Man,617,$3.99,Marvel,"77,500"
83,49,New Avengers,63,$3.99,Marvel,"77,200"
84,51,New Avengers,64,$3.99,Marvel,"76,900"
86,53,Dark Avengers,13,$3.99,Marvel,"76,600"
90,54,Secret Avengers,4,$3.99,Marvel,"76,400"
91,155,Uncanny X-Men,525,$2.99,Marvel,"76,200"
92,57,Ultimate Comics New Ultimates,1,$3.99,Marvel,"75,600"
94,58,Secret Avengers,3,$3.99,Marvel,"75,000"
97,59,Amazing Spider-Man,640,$3.99,Marvel,"74,200"
98,69,Avengers Prime,1,$3.99,Marvel,"74,100"
99,61,Avengers,6,$3.99,Marvel,"74,100"
100,104,X-Men,2,$3.99,Marvel,"74,000"
101,64,New Avengers,5,$3.99,Marvel,"73,800"
102,65,Dark Avengers,15,$3.99,Marvel,"73,400"
103,172,Kick-Ass 2,1,$2.99,Marvel,"73,300"
105,68,Dark Avengers,16,$3.99,Marvel,"71,900"
107,186,X-Force,26,$2.99,Marvel,"71,800"
112,220,X-Men Legacy,236,$2.99,Marvel,"70,600"
113,74,Secret Avengers,5,$3.99,Marvel,"70,100"
114,75,Amazing Spider-Man,638,$3.99,Marvel,"69,800"
116,76,Uncanny X-Men,527,$3.99,Marvel,"69,500"
118,78,Uncanny X-Men,522,$3.99,Marvel,"69,300"
119,80,Secret Avengers,6,$3.99,Marvel,"69,300"
120,113,Ultimate Comics X,1,$3.99,Marvel,"69,000"
122,99,Amazing Spider-Man,641,$3.99,Marvel,"68,800"
123,211,X-Men Legacy,235,$2.99,Marvel,"68,800"
125,275,Thor,607,$2.99,Marvel,"68,500"
126,82,X-Men,3,$3.99,Marvel,"68,400"
127,216,Uncanny X-Men,521,$2.99,Marvel,"68,400"
129,87,New Avengers,7,$3.99,Marvel,"67,800"
133,88,Amazing Spider-Man,639,$3.99,Marvel,"67,500"
134,89,Uncanny X-Men,526,$3.99,Marvel,"67,400"
136,227,Nemesis,1,$2.99,Marvel,"67,400"
137,91,Avengers,8,$3.99,Marvel,"67,200"
138,93,New Avengers,6,$3.99,Marvel,"67,100"
139,229,Uncanny X-Men,520,$2.99,Marvel,"66,700"
140,98,Ultimate Comics Avengers 2,1,$3.99,Marvel,"66,700"
141,97,X-Men Second Coming,2,$3.99,Marvel,"66,700"
142,213,Amazing Spider-Man,623,$2.99,Marvel,"66,600"
143,230,Thor,609,$2.99,Marvel,"66,500"
145,236,X-Force,27,$2.99,Marvel,"66,200"
146,232,X-Men Legacy,237,$2.99,Marvel,"66,100"
148,115,Wolverine,2,$3.99,Marvel,"65,200"
149,109,Captain America,602,$3.99,Marvel,"65,100"
150,108,X-Men,4,$3.99,Marvel,"65,000"
155,112,Captain America,603,$3.99,Marvel,"64,500"
156,126,Amazing Spider-Man,634,$3.99,Marvel,"64,300"
157,255,X-Force,28,$2.99,Marvel,"64,000"
164,189,Shadowland,1,$3.99,Marvel,"63,100"
166,267,Thor,608,$2.99,Marvel,"62,900"
168,268,Amazing Spider-Man,618,$2.99,Marvel,"62,800"
169,117,Uncanny X-Men,528,$3.99,Marvel,"62,800"
170,120,Uncanny X-Men,529,$3.99,Marvel,"62,600"
172,272,Amazing Spider-Man,643,$2.99,Marvel,"62,100"
173,279,Thor,610,$2.99,Marvel,"61,800"
176,283,Amazing Spider-Man,624,$2.99,Marvel,"61,200"
181,288,Amazing Spider-Man,620,$2.99,Marvel,"60,600"
182,134,Secret Avengers,7,$3.99,Marvel,"60,400"
183,292,Amazing Spider-Man,642,$2.99,Marvel,"60,300"
185,135,Captain America,605,$3.99,Marvel,"60,000"
186,165,Astonishing Spider-Man Wolverine,1,$3.99,Marvel,"59,700"
187,140,Amazing Spider-Man,628,$3.99,Marvel,"59,300"
190,309,Amazing Spider-Man,644,$2.99,Marvel,"58,700"
192,311,Amazing Spider-Man,630,$2.99,Marvel,"58,600"
193,142,Amazing Spider-Man,635,$3.99,Marvel,"58,500"
194,312,Amazing Spider-Man,646,$2.99,Marvel,"58,500"
195,143,Uncanny X-Men,530,$3.99,Marvel,"58,400"
196,166,Amazing Spider-Man,636,$3.99,Marvel,"58,300"
197,145,Amazing Spider-Man,637,$3.99,Marvel,"58,300"
198,150,Ultimate Comics Avengers,5,$3.99,Marvel,"58,300"
199,316,Amazing Spider-Man,619,$2.99,Marvel,"58,200"
200,344,Amazing Spider-Man,632,$2.99,Marvel,"58,200"
201,224,Uncanny X-Force,2,$3.99,Marvel,"58,200"
204,317,Amazing Spider-Man,631,$2.99,Marvel,"58,000"
205,324,Astonishing X-Men,34,$2.99,Marvel,"58,000"
207,152,Captain America,604,$3.99,Marvel,"57,900"
208,175,Hulk,19,$3.99,Marvel,"57,700"
209,325,Amazing Spider-Man,633,$2.99,Marvel,"57,700"
210,162,Captain America,606,$3.99,Marvel,"57,700"
213,167,Wolverine Best There Is,1,$3.99,Marvel,"57,300"
215,335,Thor,606,$2.99,Marvel,"57,100"
216,154,X-Men,5,$3.99,Marvel,"57,000"
219,347,Amazing Spider-Man,645,$2.99,Marvel,"56,900"
220,159,Siege Embedded,1,$3.99,Marvel,"56,600"
221,337,Amazing Spider-Man,621,$2.99,Marvel,"56,500"
222,157,Thor,611,$3.99,Marvel,"56,500"
223,178,Astonishing X-Men Xenogenesis,1,$3.99,Marvel,"56,400"
225,161,Amazing Spider-Man,650,$3.99,Marvel,"56,000"
226,163,Amazing Spider-Man,622,$3.99,Marvel,"56,000"
227,73,Amazing Spider-Man,647,$4.99,Marvel,"55,900"
228,169,Ultimate Comics New Ultimates,2,$3.99,Marvel,"55,900"
229,164,Uncanny X-Men,531,$3.99,Marvel,"55,900"
230,168,Avengers Prime,2,$3.99,Marvel,"55,800"
231,346,Amazing Spider-Man,627,$2.99,Marvel,"55,600"
232,176,Thor,615,$3.99,Marvel,"55,600"
233,170,Uncanny X-Force,3,$3.99,Marvel,"55,500"
234,349,Dark Wolverine,82,$2.99,Marvel,"55,400"
236,352,Amazing Spider-Man,629,$2.99,Marvel,"55,100"
237,215,Steve Rogers Super-Soldier,1,$3.99,Marvel,"55,100"
238,171,Hulk,20,$3.99,Marvel,"55,100"
239,362,Dark Wolverine,83,$2.99,Marvel,"54,900"
240,364,Siege Captain America,1,$2.99,Marvel,"54,900"
241,359,Amazing Spider-Man,626,$2.99,Marvel,"54,900"
242,363,Amazing Spider-Man,625,$2.99,Marvel,"54,700"
243,369,New Mutants,13,$2.99,Marvel,"54,600"
247,398,Invincible Iron Man,26,$2.99,Marvel,"54,300"
248,181,Ultimate Comics Avengers,6,$3.99,Marvel,"54,300"
249,376,Nemesis,2,$2.99,Marvel,"54,200"
250,180,Secret Avengers,8,$3.99,Marvel,"54,100"
252,394,New Mutants,14,$2.99,Marvel,"54,100"
253,209,Ultimate Comics Avengers 3,1,$3.99,Marvel,"54,000"
254,184,Sentry Fallen Sun,0,$3.99,Marvel,"53,900"
255,183,Thor,612,$3.99,Marvel,"53,800"
256,378,X-Men Legacy,238,$2.99,Marvel,"53,700"
257,185,Thor,614,$3.99,Marvel,"53,600"
258,377,X-Men Legacy,239,$2.99,Marvel,"53,600"
259,187,Captain America,607,$3.99,Marvel,"53,500"
260,383,New Mutants,12,$2.99,Marvel,"53,500"
261,188,Captain America,609,$3.99,Marvel,"53,300"
262,221,Ultimate Comics Avengers 2,2,$3.99,Marvel,"53,300"
263,191,Hulk,21,$3.99,Marvel,"53,100"
264,190,X-Men,6,$3.99,Marvel,"53,100"
265,387,Siege Spider-Man,1,$2.99,Marvel,"52,800"
266,193,Wolverine,4,$3.99,Marvel,"52,800"
267,390,Invincible Iron Man,23,$2.99,Marvel,"52,800"
268,194,Amazing Spider-Man,649,$3.99,Marvel,"52,800"
269,198,Ultimate Comics X,2,$3.99,Marvel,"52,500"
270,395,Invincible Iron Man,27,$2.99,Marvel,"52,300"
271,239,X-23,1,$3.99,Marvel,"52,200"
272,396,Mighty Avengers,35,$2.99,Marvel,"52,200"
273,202,Hulk,22,$3.99,Marvel,"52,100"
274,397,X-Men Legacy,233,$2.99,Marvel,"52,000"
276,399,Mighty Avengers,36,$2.99,Marvel,"51,900"
277,401,X-Force,23,$2.99,Marvel,"51,900"
279,204,Wolverine,3,$3.99,Marvel,"51,700"
280,119,Hulk,23,$4.99,Marvel,"51,600"
282,210,Thor,616,$3.99,Marvel,"51,400"
283,214,Captain America,608,$3.99,Marvel,"51,400"
284,406,X-Men Legacy,240,$2.99,Marvel,"51,300"
285,212,Thor,613,$3.99,Marvel,"51,300"
286,217,Shadowland,2,$3.99,Marvel,"51,100"
287,408,Dark Wolverine,84,$2.99,Marvel,"51,100"
290,456,Astonishing X-Men,35,$2.99,Marvel,"51,000"
291,271,Daken Dark Wolverine,1,$3.99,Marvel,"51,000"
292,222,Ultimate Comics Avengers 2,3,$3.99,Marvel,"50,800"
293,415,X-Force,25,$2.99,Marvel,"50,800"
294,416,X-Force,24,$2.99,Marvel,"50,800"
295,422,Mighty Avengers,34,$2.99,Marvel,"50,700"
296,290,Iron Man Legacy,1,$3.99,Marvel,"50,500"
297,419,X-Men Legacy,232,$2.99,Marvel,"50,500"
298,262,Ultimate Comics Thor,1,$3.99,Marvel,"50,300"
302,228,Ultimate Comics Avengers 2,4,$3.99,Marvel,"50,200"
303,435,Invincible Iron Man,22,$2.99,Marvel,"50,000"
306,248,Hulk,24,$3.99,Marvel,"49,700"
307,231,Incredible Hulk,608,$3.99,Marvel,"49,500"
308,443,Invincible Iron Man,24,$2.99,Marvel,"49,500"
311,256,Incredible Hulk,606,$3.99,Marvel,"49,400"
312,444,Invincible Iron Man,29,$2.99,Marvel,"49,400"
313,264,Shadowland,3,$3.99,Marvel,"49,300"
314,280,Avengers Academy,1,$3.99,Marvel,"49,200"
315,234,Captain America,611,$3.99,Marvel,"49,200"
316,235,Thor,617,$3.99,Marvel,"49,200"
317,244,Shield,1,$3.99,Marvel,"49,100"
318,241,Siege Embedded,2,$3.99,Marvel,"48,900"
319,454,X-Men Legacy,234,$2.99,Marvel,"48,800"
320,459,Siege Loki,1,$2.99,Marvel,"48,700"
321,458,Invincible Iron Man,28,$2.99,Marvel,"48,700"
322,243,Incredible Hulk,607,$3.99,Marvel,"48,700"
324,247,Avengers Prime,3,$3.99,Marvel,"48,700"
327,246,Captain America,610,$3.99,Marvel,"48,400"
328,460,X-Men Legacy,241,$2.99,Marvel,"48,400"
330,461,Dark Wolverine,85,$2.99,Marvel,"48,300"
332,253,Ultimate Comics New Ultimates,3,$3.99,Marvel,"48,200"
334,285,Carnage,1,$3.99,Marvel,"48,100"
338,473,Kick Ass,8,$2.99,Marvel,"47,900"
339,471,Mighty Avengers,33,$2.99,Marvel,"47,900"
342,258,Captain America,612,$3.99,Marvel,"47,600"
343,263,Incredible Hulk,609,$3.99,Marvel,"47,400"
344,477,Invincible Iron Man,30,$2.99,Marvel,"47,400"
345,266,Ultimate Comics Avengers 2,5,$3.99,Marvel,"47,300"
346,509,Dark Wolverine,86,$2.99,Marvel,"47,200"
348,484,Nemesis,3,$2.99,Marvel,"47,200"
349,265,Hulk,25,$3.99,Marvel,"47,200"
354,291,Incredible Hulk,610,$3.99,Marvel,"46,700"
355,321,Doomwar,1,$3.99,Marvel,"46,600"
356,276,Shadowland,4,$3.99,Marvel,"46,500"
357,274,Uncanny X-Men Heroic Age,1,$3.99,Marvel,"46,500"
358,320,Avengers Childrens Crusade,1,$3.99,Marvel,"46,500"
359,277,Ultimate Comics Avengers 2,6,$3.99,Marvel,"46,400"
360,500,Nemesis,4,$2.99,Marvel,"46,200"
362,501,Daredevil,510,$2.99,Marvel,"45,900"
364,505,Invincible Iron Man,31,$2.99,Marvel,"45,600"
366,506,Deadpool,19,$2.99,Marvel,"45,500"
368,287,Incredible Hulk,611,$3.99,Marvel,"45,500"
372,294,Astonishing X-Men Xenogenesis,2,$3.99,Marvel,"45,200"
373,293,Thor,618,$3.99,Marvel,"45,100"
375,555,X-Factor,205,$2.99,Marvel,"45,100"
376,319,Ultimate Comics X,3,$3.99,Marvel,"45,100"
377,526,Siege Secret Warriors,1,$2.99,Marvel,"44,900"
378,528,Fantastic Four,583,$2.99,Marvel,"44,900"
382,522,Deadpool,20,$2.99,Marvel,"44,700"
384,537,Siege Young Avengers,1,$2.99,Marvel,"44,400"
386,543,Fantastic Four,575,$2.99,Marvel,"44,400"
387,300,Fall of Hulks Red Hulk,1,$3.99,Marvel,"44,300"
388,303,Shadowland,5,$3.99,Marvel,"44,300"
389,310,X-Force Sex and Violence,1,$3.99,Marvel,"44,200"
390,301,Deadpool Merc With A Mouth,7,$3.99,Marvel,"44,200"
391,306,Ultimate Comics Spider-Man,6,$3.99,Marvel,"44,200"
393,535,Deadpool,22,$2.99,Marvel,"44,100"
396,305,Siege Embedded,3,$3.99,Marvel,"44,100"
398,539,X-Men Legacy,242,$2.99,Marvel,"44,100"
399,548,Superior,1,$2.99,Marvel,"43,900"
400,338,Incredible Hulks,612,$3.99,Marvel,"43,900"
402,547,Daredevil,509,$2.99,Marvel,"43,800"
404,574,Deadpool,23,$2.99,Marvel,"43,500"
408,553,Daredevil,511,$2.99,Marvel,"43,300"
410,329,Ultimate Comics Avengers 3,2,$3.99,Marvel,"43,200"
411,326,Hulk,26,$3.99,Marvel,"43,200"
413,554,Dark Wolverine,88,$2.99,Marvel,"43,100"
414,575,Dark Wolverine,87,$2.99,Marvel,"43,100"
416,330,Captain America,613,$3.99,Marvel,"43,000"
417,332,Ultimate Comics New Ultimates,4,$3.99,Marvel,"42,900"
418,561,Daredevil,508,$2.99,Marvel,"42,900"
419,557,Deadpool,21,$2.99,Marvel,"42,900"
420,334,Ultimate Comics Spider-Man,7,$3.99,Marvel,"42,700"
423,339,Amazing Spider-Man Annual,37,$3.99,Marvel,"42,300"
424,340,Avengers Prime,4,$3.99,Marvel,"42,200"
425,342,Invincible Iron Man,33,$3.99,Marvel,"42,000"
426,573,X-Men Legacy,243,$2.99,Marvel,"41,900"
427,345,World War Hulks,1,$3.99,Marvel,"41,800"
428,577,Fantastic Four,584,$2.99,Marvel,"41,800"
429,576,Dark Wolverine,89,$2.99,Marvel,"41,600"
430,581,X-Factor,204,$2.99,Marvel,"41,600"
433,357,Steve Rogers Super-Soldier,2,$3.99,Marvel,"41,400"
435,353,Invincible Iron Man,32,$3.99,Marvel,"41,400"
436,356,Ultimate Comics Spider-Man,8,$3.99,Marvel,"41,300"
438,358,Fall of Hulks Red Hulk,2,$3.99,Marvel,"41,300"
439,125,Ultimate Comics Spider-Man,150,$5.99,Marvel,"41,200"
440,586,X-Factor,206,$2.99,Marvel,"41,200"
441,589,Avengers Initiative,33,$2.99,Marvel,"41,100"
444,218,Invincible Iron Man Annual,1,$4.99,Marvel,"40,900"
446,367,Ultimate Comics Spider-Man,9,$3.99,Marvel,"40,800"
447,607,Shield,2,$2.99,Marvel,"40,800"
451,370,Siege Embedded,4,$3.99,Marvel,"40,600"
453,374,X-Force Sex and Violence,2,$3.99,Marvel,"40,500"
454,381,Ultimate Comics Enemy,1,$3.99,Marvel,"40,500"
457,373,Deadpool Corps,1,$3.99,Marvel,"40,400"
461,612,Daredevil,512,$2.99,Marvel,"40,300"
463,375,Incredible Hulks,613,$3.99,Marvel,"40,300"
464,380,Ultimate Comics Spider-Man,10,$3.99,Marvel,"40,100"
465,613,Dark Wolverine,90,$2.99,Marvel,"40,100"
476,385,Incredible Hulks,614,$3.99,Marvel,"39,700"
479,389,Fall of Hulks Red Hulk,3,$3.99,Marvel,"39,500"
480,696,Avengers Academy,2,$2.99,Marvel,"39,400"
481,632,Daredevil,505,$2.99,Marvel,"39,400"
482,637,Fantastic Four,576,$2.99,Marvel,"39,400"
483,635,Avengers Initiative,34,$2.99,Marvel,"39,400"
484,392,Ultimate Comics Spider-Man,11,$3.99,Marvel,"39,200"
485,647,Fantastic Four,579,$2.99,Marvel,"39,200"
486,238,Wolverine,900,$4.99,Marvel,"39,200"
489,642,Daken Dark Wolverine,2,$2.99,Marvel,"39,100"
490,646,Avengers Initiative,32,$2.99,Marvel,"39,000"
492,428,Astonishing X-Men Xenogenesis,3,$3.99,Marvel,"39,000"
493,962,Generation Hope,2,$2.99,Marvel,"39,000"
494,677,Deadpool,24,$2.99,Marvel,"39,000"
495,1820,Warlord of Mars,1,$1.00,Dynamite,"38,900"
497,402,Ultimate Comics Avengers 3,3,$3.99,Marvel,"38,800"
499,400,Hulk,27,$3.99,Marvel,"38,700"
500,652,Fantastic Four,585,$2.99,Marvel,"38,700"
502,655,Fantastic Four,578,$2.99,Marvel,"38,700"
503,403,Deadpool and Cable,25,$3.99,Marvel,"38,700"
506,664,Avengers Initiative,35,$2.99,Marvel,"38,400"
507,410,Dark X-Men,3,$3.99,Marvel,"38,400"
508,413,X-Men Hellbound,1,$3.99,Marvel,"38,200"
509,453,Avengers Childrens Crusade,2,$3.99,Marvel,"38,200"
510,672,Fantastic Four,586,$2.99,Marvel,"38,200"
515,417,Ultimate Comics Spider-Man,12,$3.99,Marvel,"38,000"
520,418,World War Hulks Hulked Out Heroes,1,$3.99,Marvel,"37,900"
523,684,Daredevil,504,$2.99,Marvel,"37,800"
529,689,Daredevil,506,$2.99,Marvel,"37,700"
531,420,Prelude To Deadpool Corps,1,$3.99,Marvel,"37,600"
532,432,Thanos Imperative,1,$3.99,Marvel,"37,500"
533,463,Generation Hope,1,$3.99,Marvel,"37,500"
536,433,X-Force Sex and Violence,3,$3.99,Marvel,"37,400"
537,691,Wolverine Origins,45,$2.99,Marvel,"37,400"
541,431,Deadpool,25,$3.99,Marvel,"37,300"
543,437,Fall of Hulks Red Hulk,4,$3.99,Marvel,"37,200"
546,705,Wolverine Origins,48,$2.99,Marvel,"37,100"
547,504,Chaos War,1,$3.99,Marvel,"37,100"
549,439,Incredible Hulks,615,$3.99,Marvel,"37,000"
551,703,Wolverine Origins,47,$2.99,Marvel,"37,000"
552,440,Wolverine Origins,50,$3.99,Marvel,"37,000"
553,441,Ultimate Comics Spider-Man,13,$3.99,Marvel,"37,000"
555,442,Ultimate Comics Avengers 3,4,$3.99,Marvel,"37,000"
556,451,X-Men Second Coming Revelations Blind Science,1,$3.99,Marvel,"36,900"
558,713,Fantastic Four,580,$2.99,Marvel,"36,900"
559,726,Thunderbolts,144,$2.99,Marvel,"36,800"
566,708,Deadpool,27,$2.99,Marvel,"36,700"
567,724,Thunderbolts,143,$2.99,Marvel,"36,500"
570,727,Fantastic Four,577,$2.99,Marvel,"36,400"
571,496,Age of Heroes,1,$3.99,Marvel,"36,200"
572,735,Avengers Academy,3,$2.99,Marvel,"36,200"
573,736,New Mutants,11,$2.99,Marvel,"36,100"
574,464,Ultimate Comics Spider-Man,14,$3.99,Marvel,"36,100"
580,743,Fantastic Four,581,$2.99,Marvel,"35,900"
581,734,Deadpool,26,$2.99,Marvel,"35,900"
582,483,Scarlet,1,$3.95,Marvel,"35,800"
583,472,Steve Rogers Super-Soldier,3,$3.99,Marvel,"35,800"
584,741,Wolverine Origins,44,$2.99,Marvel,"35,800"
586,470,World War Hulks Hulked Out Heroes,2,$3.99,Marvel,"35,800"
589,753,New Mutants,15,$2.99,Marvel,"35,700"
590,749,Thunderbolts,141,$2.99,Marvel,"35,700"
592,480,Avengers Childrens Crusade,3,$3.99,Marvel,"35,600"
594,759,Superior,2,$2.99,Marvel,"35,500"
595,752,X-23,2,$2.99,Marvel,"35,500"
597,502,Black Widow,1,$3.99,Marvel,"35,500"
598,474,Incredible Hulks,616,$3.99,Marvel,"35,400"
603,482,Astonishing Spider-Man Wolverine,2,$3.99,Marvel,"35,300"
604,481,Ultimate Comics Spider-Man,15,$3.99,Marvel,"35,300"
606,485,Dark X-Men,4,$3.99,Marvel,"35,100"
608,766,Fantastic Four,582,$2.99,Marvel,"35,100"
609,763,Wolverine Origins,49,$2.99,Marvel,"35,100"
610,757,Deadpool Merc With A Mouth,8,$2.99,Marvel,"35,100"
611,760,Deadpool,28,$2.99,Marvel,"35,100"
615,768,Wolverine Origins,46,$2.99,Marvel,"34,900"
617,487,Incredible Hulks,618,$3.99,Marvel,"34,900"
619,777,Thunderbolts,142,$2.99,Marvel,"34,800"
620,489,Hulk,28,$3.99,Marvel,"34,800"
621,780,Daredevil,507,$2.99,Marvel,"34,800"
625,490,Incredible Hulks,617,$3.99,Marvel,"34,600"
627,497,Ultimate Comics Avengers 3,5,$3.99,Marvel,"34,500"
629,323,Deadpool,1000,$4.99,Marvel,"34,400"
630,782,Deadpool Merc With A Mouth,10,$2.99,Marvel,"34,400"
633,560,Namor First Mutant,1,$3.99,Marvel,"34,200"
634,792,Deadpool Merc With A Mouth,9,$2.99,Marvel,"34,200"
635,803,Thunderbolts,145,$2.99,Marvel,"34,100"
636,510,Ultimate Comics Mystery,1,$3.99,Marvel,"34,100"
638,515,Thanos Imperative,2,$3.99,Marvel,"34,000"
641,513,Dark X-Men,5,$3.99,Marvel,"33,900"
643,516,Invaders Now,1,$3.99,Marvel,"33,900"
646,810,Shield,3,$2.99,Marvel,"33,900"
647,521,X-Men Hellbound,3,$3.99,Marvel,"33,800"
649,517,Ultimate Comics Spider-Man,151,$3.99,Marvel,"33,800"
650,520,Nation X,2,$3.99,Marvel,"33,700"
651,525,X-Men Hellbound,2,$3.99,Marvel,"33,700"
652,551,Wolverine Road To Hell,1,$3.99,Marvel,"33,700"
654,524,Fall of Hulks Savage She-Hulks,1,$3.99,Marvel,"33,600"
662,568,Thanos Imperative Ignition,1,$3.99,Marvel,"33,200"
664,532,Captain America Who Wont Wield Shield,1,$3.99,Marvel,"33,200"
665,540,Steve Rogers Super-Soldier,4,$3.99,Marvel,"33,200"
666,538,Astonishing X-Men Xenogenesis,4,$3.99,Marvel,"33,100"
668,925,Black Panther Man Without Fear,513,$2.99,Marvel,"33,100"
669,831,Deadpool Team-Up,897,$2.99,Marvel,"33,100"
675,833,Daken Dark Wolverine,3,$2.99,Marvel,"32,900"
676,682,Carnage,2,$3.99,Marvel,"32,800"
681,545,Incredible Hulks,619,$3.99,Marvel,"32,700"
682,549,X-Men Curse of Mutants Storm & Gambit,1,$3.99,Marvel,"32,700"
685,846,Thunderbolts,148 SL,$2.99,Marvel,"32,600"
687,552,Thanos Imperative,3,$3.99,Marvel,"32,500"
688,840,Prelude To Deadpool Corps,2,$2.99,Marvel,"32,500"
689,622,Thor For Asgard,1,$3.99,Marvel,"32,500"
690,895,Shield,4,$2.99,Marvel,"32,500"
693,854,X-Factor,207,$2.99,Marvel,"32,400"
694,556,Wolverine Weapon X,9,$3.99,Marvel,"32,200"
696,861,New Mutants,16,$2.99,Marvel,"32,100"
698,559,Ultimate Comics Thor,2,$3.99,Marvel,"32,100"
700,382,Thunderbolts,150,$4.99,Marvel,"32,100"
701,873,Superior,3,$2.99,Marvel,"32,000"
702,869,Thunderbolts,146,$2.99,Marvel,"32,000"
707,565,Marvels Project,5,$3.99,Marvel,"31,800"
709,871,X-23,3,$2.99,Marvel,"31,800"
710,877,New Mutants,17,$2.99,Marvel,"31,800"
712,567,Marvels Project,8,$3.99,Marvel,"31,800"
713,881,X-Factor,202,$2.99,Marvel,"31,800"
716,884,New Mutants,10,$2.99,Marvel,"31,700"
717,872,Deadpool,29,$2.99,Marvel,"31,600"
718,891,Secret Warriors,13,$2.99,Marvel,"31,600"
719,566,X-Men Origins Deadpool,1,$3.99,Marvel,"31,600"
723,882,Prelude To Deadpool Corps,3,$2.99,Marvel,"31,500"
724,572,Chaos War,2,$3.99,Marvel,"31,500"
725,892,Deadpool Merc With A Mouth,11,$2.99,Marvel,"31,400"
727,904,Avengers Academy,4,$2.99,Marvel,"31,300"
728,934,Avengers Academy,5,$2.99,Marvel,"31,300"
729,578,Nation X,3,$3.99,Marvel,"31,300"
730,903,Thunderbolts,147,$2.99,Marvel,"31,200"
735,584,Doomwar,2,$3.99,Marvel,"31,000"
739,912,Thunderbolts,149,$2.99,Marvel,"30,900"
741,941,Deadpool Merc With A Mouth,12,$2.99,Marvel,"30,800"
742,909,Prelude To Deadpool Corps,4,$2.99,Marvel,"30,800"
743,915,Daken Dark Wolverine,4,$2.99,Marvel,"30,800"
744,595,Marvels Project,6,$3.99,Marvel,"30,700"
746,683,Hawkeye & Mockingbird,1,$3.99,Marvel,"30,700"
748,917,Deadpool,30,$2.99,Marvel,"30,600"
749,918,Deadpool Team-Up,896,$2.99,Marvel,"30,600"
751,604,Ultimate Comics Enemy,2,$3.99,Marvel,"30,500"
752,601,Wolverine Weapon X,13,$3.99,Marvel,"30,500"
754,935,X-Factor,201,$2.99,Marvel,"30,400"
755,930,X-Factor,208,$2.99,Marvel,"30,400"
757,629,Heroes For Hire,1,$3.99,Marvel,"30,400"
758,636,Wolverine Weapon X,14,$3.99,Marvel,"30,400"
759,938,Secret Warriors,12,$2.99,Marvel,"30,400"
760,609,Cable,24,$3.99,Marvel,"30,300"
763,606,Wolverine Weapon X,10,$3.99,Marvel,"30,300"
764,939,New Mutants,9,$2.99,Marvel,"30,300"
765,611,Wolverine Weapon X,12,$3.99,Marvel,"30,200"
766,617,Thanos Imperative,4,$3.99,Marvel,"30,100"
772,952,Secret Warriors,15,$2.99,Marvel,"30,000"
773,618,Wolverine Weapon X,11,$3.99,Marvel,"30,000"
774,621,Thanos Imperative,5,$3.99,Marvel,"30,000"
776,620,Wolverine Weapon X,15,$3.99,Marvel,"29,900"
777,963,Secret Warriors,16,$2.99,Marvel,"29,900"
779,624,Nation X X-Factor,0,$3.99,Marvel,"29,800"
780,953,X-23,4,$2.99,Marvel,"29,800"
781,623,Astonishing Spider-Man Wolverine,3,$3.99,Marvel,"29,800"
782,959,X-Factor,209,$2.99,Marvel,"29,700"
784,960,Iron Man Legacy,2,$2.99,Marvel,"29,700"
786,626,Wolverine Weapon X,16,$3.99,Marvel,"29,600"
787,956,Prelude To Deadpool Corps,5,$2.99,Marvel,"29,600"
788,957,Deadpool Team-Up,894,$2.99,Marvel,"29,600"
790,656,Astonishing Thor,1,$3.99,Marvel,"29,500"
791,633,Nation X,4,$3.99,Marvel,"29,500"
792,974,X-Factor,203,$2.99,Marvel,"29,500"
793,641,Thanos Imperative,6,$3.99,Marvel,"29,400"
794,630,Deadpool Wade Wilsons War,1,$3.99,Marvel,"29,400"
796,981,Cable,23,$2.99,Marvel,"29,200"
798,676,Deadpoolmax,1,$3.99,Marvel,"29,200"
799,992,Secret Warriors,14,$2.99,Marvel,"29,200"
800,976,Deadpool Team-Up,895,$2.99,Marvel,"29,100"
801,644,Deadpool Merc With A Mouth,13,$3.99,Marvel,"29,100"
802,650,Ultimate Comics Enemy,3,$3.99,Marvel,"29,100"
803,990,Thunderbolts,140,$2.99,Marvel,"29,100"
804,499,X-Women,1,$4.99,Marvel,"29,100"
806,649,X-Men Curse of Mutants Blade,1,$3.99,Marvel,"29,000"
807,678,Scarlet,2,$3.95,Marvel,"29,000"
808,651,Thor For Asgard,2,$3.99,Marvel,"28,900"
815,994,Deadpool Corps,2,$2.99,Marvel,"28,800"
816,659,Chaos War,3,$3.99,Marvel,"28,800"
817,666,Shadowland Bullseye,1,$3.99,Marvel,"28,800"
819,722,Doomwar,4,$3.99,Marvel,"28,700"
821,674,Marvels Project,7,$3.99,Marvel,"28,600"
822,675,Doomwar,3,$3.99,Marvel,"28,600"
824,1005,Cable,22,$2.99,Marvel,"28,500"
825,679,Fall of Hulks Savage She-Hulks,3,$3.99,Marvel,"28,500"
828,475,Fantastic Four Annual,32,$4.99,Marvel,"28,500"
832,1014,Spider-Woman,5,$2.99,Marvel,"28,300"
833,1016,Secret Warriors,17,$2.99,Marvel,"28,300"
835,699,Ultimate Comics Enemy,4,$3.99,Marvel,"28,200"
837,694,Ultimate Comics Thor,3,$3.99,Marvel,"28,100"
838,697,Ultimate Comics Armor Wars,4,$3.99,Marvel,"28,100"
839,1023,X-Men Hope,1,$2.99,Marvel,"28,000"
840,695,Dark Tower Battle of Jericho Hill,3,$3.99,Marvel,"28,000"
841,773,X-23,1,$3.99,Marvel,"28,000"
842,1025,Thunderbolts,151,$2.99,Marvel,"27,900"
846,1030,X-Factor,210,$2.99,Marvel,"27,800"
847,1032,Avengers Academy,7,$2.99,Marvel,"27,800"
848,700,Marvel Zombies 5,1,$3.99,Marvel,"27,800"
849,704,Marvel Universe Vs Punisher,1,$3.99,Marvel,"27,800"
852,706,Fall of Hulks Savage She-Hulks,2,$3.99,Marvel,"27,700"
854,751,X-Men Curse of Mutants Smoke and Blood,1,$3.99,Marvel,"27,700"
858,723,Ultimate Comics Doom,1,$3.99,Marvel,"27,500"
860,1047,Secret Warriors,18,$2.99,Marvel,"27,500"
862,715,Marvel Zombies 5,2,$3.99,Marvel,"27,400"
864,716,Dark Tower Battle of Jericho Hill,4,$3.99,Marvel,"27,400"
865,1051,Avengers Academy,6,$2.99,Marvel,"27,300"
868,717,Deadpool Wade Wilsons War,2,$3.99,Marvel,"27,300"
869,1064,Shield,5,$2.99,Marvel,"27,200"
870,1054,New Mutants,18,$2.99,Marvel,"27,200"
871,1057,Secret Warriors,19,$2.99,Marvel,"27,200"
873,732,World War Hulks Wolverine Vs Captain America,1,$3.99,Marvel,"27,200"
874,770,Dark Tower Gunslinger Journey Begins,1,$3.99,Marvel,"27,200"
875,1049,Deadpool Team-Up,893,$2.99,Marvel,"27,200"
877,783,World War Hulks Spider-Man Vs Thor,1,$3.99,Marvel,"27,100"
882,739,Ultimate Comics Mystery,2,$3.99,Marvel,"27,000"
885,1071,X-Factor,211,$2.99,Marvel,"26,800"
889,1083,Spider-Woman,6,$2.99,Marvel,"26,700"
891,754,Siege Storming Asgard Heroes and Villains,0,$3.99,Marvel,"26,600"
893,1090,X-Factor,212,$2.99,Marvel,"26,400"
894,761,Shadowland After Fall,1,$3.99,Marvel,"26,400"
897,755,Dark Tower Battle of Jericho Hill,5,$3.99,Marvel,"26,400"
901,767,Chaos War,4,$3.99,Marvel,"26,300"
902,1089,Deadpool Corps,3,$2.99,Marvel,"26,200"
903,1098,Secret Warriors,20,$2.99,Marvel,"26,200"
907,775,X-Men Curse of Mutants X-Men Vs Vampires,1,$3.99,Marvel,"26,100"
908,779,Ms Marvel,50,$3.99,Marvel,"26,100"
909,781,Doomwar,5,$3.99,Marvel,"26,100"
916,1106,Franken-Castle,19,$2.99,Marvel,"25,900"
917,785,Astonishing Spider-Man Wolverine,4,$3.99,Marvel,"25,900"
920,794,Spider-Woman,7,$3.99,Marvel,"25,800"
923,1112,New Mutants,19,$2.99,Marvel,"25,600"
925,796,World War Hulks Wolverine Vs Captain America,2,$3.99,Marvel,"25,600"
928,834,Age of Heroes,2,$3.99,Marvel,"25,600"
930,800,World War Hulks Spider-Man Vs Thor,2,$3.99,Marvel,"25,600"
933,802,Hulk Let Battle Begin,1,$3.99,Marvel,"25,400"
935,807,Thor Rage of Thor,1,$3.99,Marvel,"25,300"
936,809,Ultimate Comics Mystery,3,$3.99,Marvel,"25,300"
942,843,Amazing Spider-Man Presents Black Cat,1,$3.99,Marvel,"25,200"
943,812,Lady Deadpool,1,$3.99,Marvel,"25,100"
946,827,Incredible Hercules,141,$3.99,Marvel,"25,100"
948,1134,Guardians of Galaxy,25,$2.99,Marvel,"25,100"
950,1138,Secret Warriors,21,$2.99,Marvel,"25,000"
953,819,Web of Spider-Man,4,$3.99,Marvel,"25,000"
955,816,Web of Spider-Man,5,$3.99,Marvel,"25,000"
956,838,Scarlet,3,$3.95,Marvel,"25,000"
959,830,Avengers Origin,1,$3.99,Marvel,"24,900"
963,858,Marvel Universe Vs Punisher,2,$3.99,Marvel,"24,800"
964,836,Doomwar,6,$3.99,Marvel,"24,800"
965,1144,Deadpool Corps,4,$2.99,Marvel,"24,700"
968,867,Shadowland Spider-Man,1 SL,$3.99,Marvel,"24,700"
969,1146,Avengers & Infinity Gauntlet,1,$2.99,Marvel,"24,700"
974,1163,Namor First Mutant,2,$2.99,Marvel,"24,600"
975,885,Shadowland Elektra,1,$3.99,Marvel,"24,600"
978,1165,New Mutants,20,$2.99,Marvel,"24,500"
981,848,Dark Reign Hawkeye,5,$3.99,Marvel,"24,400"
982,875,Dark Tower Gunslinger Journey Begins,2,$3.99,Marvel,"24,300"
984,1174,Secret Warriors,22,$2.99,Marvel,"24,300"
985,850,Shadowland Moon Knight,1,$3.99,Marvel,"24,300"
986,1168,Franken-Castle,20,$2.99,Marvel,"24,300"
988,896,Spider-Girl,1,$3.99,Marvel,"24,200"
989,1176,Punisher,13,$2.99,Marvel,"24,200"
990,982,Realm of Kings Son of Hulk,1,$3.99,Marvel,"24,200"
993,1191,Black Widow,2,$2.99,Marvel,"23,900"
994,876,Incredible Hercules,140,$3.99,Marvel,"23,800"
995,1187,Deadpool Team-Up,892,$2.99,Marvel,"23,800"
996,921,Marvel Zombies 5,3,$3.99,Marvel,"23,800"
998,1195,Punisher,14,$2.99,Marvel,"23,800"
1000,913,Thor For Asgard,3,$3.99,Marvel,"23,700"
